timestamp,total_power_watts
2024-01-15 00:00:00,159.93
2024-01-15 00:01:00,147.23
2024-01-15 00:02:00,162.95
2024-01-15 00:03:00,180.46
2024-01-15 00:04:00,145.32
2024-01-15 00:05:00,145.32
2024-01-15 00:06:00,181.58
2024-01-15 00:07:00,165.35
2024-01-15 00:08:00,140.61
2024-01-15 00:09:00,160.85
2024-01-15 00:10:00,140.73
2024-01-15 00:11:00,140.69
2024-01-15 00:12:00,154.84
2024-01-15 00:13:00,111.73
2024-01-15 00:14:00,115.5
2024-01-15 00:15:00,138.75
2024-01-15 00:16:00,129.74
2024-01-15 00:17:00,156.28
2024-01-15 00:18:00,131.84
2024-01-15 00:19:00,121.75
2024-01-15 00:20:00,179.31
2024-01-15 00:21:00,145.48
2024-01-15 00:22:00,151.35
2024-01-15 00:23:00,121.51
2024-01-15 00:24:00,139.11
2024-01-15 00:25:00,152.22
2024-01-15 00:26:00,126.98
2024-01-15 00:27:00,157.51
2024-01-15 00:28:00,137.99
2024-01-15 00:29:00,144.17
2024-01-15 00:30:00,0.0
2024-01-15 00:31:00,37.05
2024-01-15 00:32:00,0.0
2024-01-15 00:33:00,0.0
2024-01-15 00:34:00,16.45
2024-01-15 00:35:00,0.0
2024-01-15 00:36:00,4.18
2024-01-15 00:37:00,0.0
2024-01-15 00:38:00,0.0
2024-01-15 00:39:00,3.94
2024-01-15 00:40:00,14.77
2024-01-15 00:41:00,3.43
2024-01-15 00:42:00,0.0
2024-01-15 00:43:00,0.0
2024-01-15 00:44:00,0.0
2024-01-15 00:45:00,0.0
2024-01-15 00:46:00,0.0
2024-01-15 00:47:00,21.14
2024-01-15 00:48:00,6.87
2024-01-15 00:49:00,0.0
2024-01-15 00:50:00,156.48
2024-01-15 00:51:00,142.3
2024-01-15 00:52:00,136.46
2024-01-15 00:53:00,162.23
2024-01-15 00:54:00,170.62
2024-01-15 00:55:00,168.63
2024-01-15 00:56:00,133.22
2024-01-15 00:57:00,143.82
2024-01-15 00:58:00,156.63
2024-01-15 00:59:00,169.51
2024-01-15 01:00:00,140.42
2024-01-15 01:01:00,146.29
2024-01-15 01:02:00,127.87
2024-01-15 01:03:00,126.08
2024-01-15 01:04:00,166.25
2024-01-15 01:05:00,177.12
2024-01-15 01:06:00,148.56
2024-01-15 01:07:00,170.07
2024-01-15 01:08:00,157.23
2024-01-15 01:09:00,137.1
2024-01-15 01:10:00,157.23
2024-01-15 01:11:00,180.76
2024-01-15 01:12:00,149.28
2024-01-15 01:13:00,181.29
2024-01-15 01:14:00,97.61
2024-01-15 01:15:00,166.44
2024-01-15 01:16:00,151.74
2024-01-15 01:17:00,144.02
2024-01-15 01:18:00,151.84
2024-01-15 01:19:00,110.25
2024-01-15 01:20:00,0.0
2024-01-15 01:21:00,7.14
2024-01-15 01:22:00,29.56
2024-01-15 01:23:00,0.0
2024-01-15 01:24:00,0.0
2024-01-15 01:25:00,0.0
2024-01-15 01:26:00,18.31
2024-01-15 01:27:00,6.58
2024-01-15 01:28:00,0.0
2024-01-15 01:29:00,10.27
2024-01-15 01:30:00,1.94
2024-01-15 01:31:00,19.37
2024-01-15 01:32:00,0.0
2024-01-15 01:33:00,0.0
2024-01-15 01:34:00,0.0
2024-01-15 01:35:00,0.0
2024-01-15 01:36:00,5.92
2024-01-15 01:37:00,5.22
2024-01-15 01:38:00,0.1
2024-01-15 01:39:00,0.0
2024-01-15 01:40:00,121.69
2024-01-15 01:41:00,141.59
2024-01-15 01:42:00,143.15
2024-01-15 01:43:00,133.95
2024-01-15 01:44:00,146.77
2024-01-15 01:45:00,158.08
2024-01-15 01:46:00,187.72
2024-01-15 01:47:00,153.49
2024-01-15 01:48:00,155.15
2024-01-15 01:49:00,148.51
2024-01-15 01:50:00,111.62
2024-01-15 01:51:00,149.47
2024-01-15 01:52:00,151.2
2024-01-15 01:53:00,199.26
2024-01-15 01:54:00,146.15
2024-01-15 01:55:00,156.03
2024-01-15 01:56:00,149.31
2024-01-15 01:57:00,126.63
2024-01-15 01:58:00,172.86
2024-01-15 01:59:00,165.04
2024-01-15 02:00:00,165.82
2024-01-15 02:01:00,131.81
2024-01-15 02:02:00,178.06
2024-01-15 02:03:00,121.96
2024-01-15 02:04:00,161.74
2024-01-15 02:05:00,193.81
2024-01-15 02:06:00,130.19
2024-01-15 02:07:00,138.67
2024-01-15 02:08:00,151.99
2024-01-15 02:09:00,139.93
2024-01-15 02:10:00,0.0
2024-01-15 02:11:00,1.37
2024-01-15 02:12:00,0.0
2024-01-15 02:13:00,9.47
2024-01-15 02:14:00,0.0
2024-01-15 02:15:00,31.0
2024-01-15 02:16:00,0.0
2024-01-15 02:17:00,0.0
2024-01-15 02:18:00,16.27
2024-01-15 02:19:00,0.0
2024-01-15 02:20:00,4.55
2024-01-15 02:21:00,26.14
2024-01-15 02:22:00,0.0
2024-01-15 02:23:00,3.69
2024-01-15 02:24:00,5.2
2024-01-15 02:25:00,15.64
2024-01-15 02:26:00,0.0
2024-01-15 02:27:00,0.0
2024-01-15 02:28:00,10.44
2024-01-15 02:29:00,5.94
2024-01-15 02:30:00,155.01
2024-01-15 02:31:00,156.93
2024-01-15 02:32:00,136.4
2024-01-15 02:33:00,154.65
2024-01-15 02:34:00,155.86
2024-01-15 02:35:00,135.71
2024-01-15 02:36:00,187.32
2024-01-15 02:37:00,159.48
2024-01-15 02:38:00,126.17
2024-01-15 02:39:00,163.13
2024-01-15 02:40:00,130.51
2024-01-15 02:41:00,165.74
2024-01-15 02:42:00,173.17
2024-01-15 02:43:00,133.59
2024-01-15 02:44:00,169.27
2024-01-15 02:45:00,158.26
2024-01-15 02:46:00,166.44
2024-01-15 02:47:00,187.94
2024-01-15 02:48:00,145.09
2024-01-15 02:49:00,134.93
2024-01-15 02:50:00,132.21
2024-01-15 02:51:00,133.68
2024-01-15 02:52:00,148.46
2024-01-15 02:53:00,156.82
2024-01-15 02:54:00,155.53
2024-01-15 02:55:00,166.54
2024-01-15 02:56:00,150.26
2024-01-15 02:57:00,179.07
2024-01-15 02:58:00,144.71
2024-01-15 02:59:00,204.4
2024-01-15 03:00:00,12.51
2024-01-15 03:01:00,0.0
2024-01-15 03:02:00,0.0
2024-01-15 03:03:00,9.65
2024-01-15 03:04:00,0.0
2024-01-15 03:05:00,14.28
2024-01-15 03:06:00,9.46
2024-01-15 03:07:00,0.0
2024-01-15 03:08:00,0.0
2024-01-15 03:09:00,0.0
2024-01-15 03:10:00,0.0
2024-01-15 03:11:00,17.13
2024-01-15 03:12:00,4.28
2024-01-15 03:13:00,0.0
2024-01-15 03:14:00,3.46
2024-01-15 03:15:00,7.71
2024-01-15 03:16:00,0.0
2024-01-15 03:17:00,3.07
2024-01-15 03:18:00,1.16
2024-01-15 03:19:00,0.0
2024-01-15 03:20:00,157.16
2024-01-15 03:21:00,161.22
2024-01-15 03:22:00,171.66
2024-01-15 03:23:00,171.08
2024-01-15 03:24:00,122.45
2024-01-15 03:25:00,131.24
2024-01-15 03:26:00,160.3
2024-01-15 03:27:00,160.28
2024-01-15 03:28:00,160.3
2024-01-15 03:29:00,227.05
2024-01-15 03:30:00,161.42
2024-01-15 03:31:00,172.71
2024-01-15 03:32:00,169.08
2024-01-15 03:33:00,163.03
2024-01-15 03:34:00,143.69
2024-01-15 03:35:00,165.18
2024-01-15 03:36:00,134.54
2024-01-15 03:37:00,145.26
2024-01-15 03:38:00,140.29
2024-01-15 03:39:00,151.64
2024-01-15 03:40:00,196.29
2024-01-15 03:41:00,112.65
2024-01-15 03:42:00,163.73
2024-01-15 03:43:00,117.75
2024-01-15 03:44:00,140.56
2024-01-15 03:45:00,171.78
2024-01-15 03:46:00,151.29
2024-01-15 03:47:00,128.45
2024-01-15 03:48:00,135.69
2024-01-15 03:49:00,163.59
2024-01-15 03:50:00,0.0
2024-01-15 03:51:00,4.33
2024-01-15 03:52:00,0.91
2024-01-15 03:53:00,0.0
2024-01-15 03:54:00,42.88
2024-01-15 03:55:00,12.68
2024-01-15 03:56:00,0.0
2024-01-15 03:57:00,3.73
2024-01-15 03:58:00,0.0
2024-01-15 03:59:00,17.05
2024-01-15 04:00:00,0.0
2024-01-15 04:01:00,0.0
2024-01-15 04:02:00,10.1
2024-01-15 04:03:00,17.32
2024-01-15 04:04:00,0.0
2024-01-15 04:05:00,0.0
2024-01-15 04:06:00,0.0
2024-01-15 04:07:00,0.0
2024-01-15 04:08:00,35.31
2024-01-15 04:09:00,8.1
2024-01-15 04:10:00,124.78
2024-01-15 04:11:00,168.36
2024-01-15 04:12:00,192.44
2024-01-15 04:13:00,170.65
2024-01-15 04:14:00,119.61
2024-01-15 04:15:00,140.32
2024-01-15 04:16:00,175.34
2024-01-15 04:17:00,135.85
2024-01-15 04:18:00,158.88
2024-01-15 04:19:00,165.49
2024-01-15 04:20:00,131.46
2024-01-15 04:21:00,148.81
2024-01-15 04:22:00,85.17
2024-01-15 04:23:00,129.51
2024-01-15 04:24:00,144.95
2024-01-15 04:25:00,125.04
2024-01-15 04:26:00,182.65
2024-01-15 04:27:00,121.4
2024-01-15 04:28:00,141.2
2024-01-15 04:29:00,152.61
2024-01-15 04:30:00,178.83
2024-01-15 04:31:00,121.28
2024-01-15 04:32:00,173.26
2024-01-15 04:33:00,150.2
2024-01-15 04:34:00,130.37
2024-01-15 04:35:00,159.24
2024-01-15 04:36:00,153.98
2024-01-15 04:37:00,138.0
2024-01-15 04:38:00,151.4
2024-01-15 04:39:00,142.29
2024-01-15 04:40:00,2.27
2024-01-15 04:41:00,13.24
2024-01-15 04:42:00,31.72
2024-01-15 04:43:00,0.0
2024-01-15 04:44:00,42.66
2024-01-15 04:45:00,0.0
2024-01-15 04:46:00,0.0
2024-01-15 04:47:00,11.77
2024-01-15 04:48:00,5.62
2024-01-15 04:49:00,0.0
2024-01-15 04:50:00,0.0
2024-01-15 04:51:00,0.0
2024-01-15 04:52:00,0.0
2024-01-15 04:53:00,16.99
2024-01-15 04:54:00,7.14
2024-01-15 04:55:00,0.0
2024-01-15 04:56:00,17.99
2024-01-15 04:57:00,6.15
2024-01-15 04:58:00,16.26
2024-01-15 04:59:00,12.59
2024-01-15 05:00:00,133.42
2024-01-15 05:01:00,138.8
2024-01-15 05:02:00,164.95
2024-01-15 05:03:00,162.21
2024-01-15 05:04:00,149.58
2024-01-15 05:05:00,152.35
2024-01-15 05:06:00,175.55
2024-01-15 05:07:00,138.17
2024-01-15 05:08:00,160.94
2024-01-15 05:09:00,145.96
2024-01-15 05:10:00,145.65
2024-01-15 05:11:00,171.98
2024-01-15 05:12:00,166.51
2024-01-15 05:13:00,166.27
2024-01-15 05:14:00,176.11
2024-01-15 05:15:00,150.42
2024-01-15 05:16:00,163.64
2024-01-15 05:17:00,143.79
2024-01-15 05:18:00,156.48
2024-01-15 05:19:00,147.4
2024-01-15 05:20:00,151.94
2024-01-15 05:21:00,161.9
2024-01-15 05:22:00,133.64
2024-01-15 05:23:00,191.85
2024-01-15 05:24:00,129.88
2024-01-15 05:25:00,125.72
2024-01-15 05:26:00,173.16
2024-01-15 05:27:00,165.83
2024-01-15 05:28:00,162.48
2024-01-15 05:29:00,162.57
2024-01-15 05:30:00,0.0
2024-01-15 05:31:00,0.0
2024-01-15 05:32:00,1.52
2024-01-15 05:33:00,0.0
2024-01-15 05:34:00,19.5
2024-01-15 05:35:00,0.0
2024-01-15 05:36:00,0.0
2024-01-15 05:37:00,0.0
2024-01-15 05:38:00,8.26
2024-01-15 05:39:00,0.0
2024-01-15 05:40:00,0.0
2024-01-15 05:41:00,4.87
2024-01-15 05:42:00,4.9
2024-01-15 05:43:00,0.0
2024-01-15 05:44:00,0.0
2024-01-15 05:45:00,4.64
2024-01-15 05:46:00,0.0
2024-01-15 05:47:00,0.0
2024-01-15 05:48:00,0.0
2024-01-15 05:49:00,0.0
2024-01-15 05:50:00,156.22
2024-01-15 05:51:00,179.51
2024-01-15 05:52:00,167.15
2024-01-15 05:53:00,146.8
2024-01-15 05:54:00,149.62
2024-01-15 05:55:00,129.95
2024-01-15 05:56:00,149.63
2024-01-15 05:57:00,144.23
2024-01-15 05:58:00,156.45
2024-01-15 05:59:00,133.46
2024-01-15 06:00:00,160.39
2024-01-15 06:01:00,180.65
2024-01-15 06:02:00,147.82
2024-01-15 06:03:00,158.03
2024-01-15 06:04:00,163.8
2024-01-15 06:05:00,141.98
2024-01-15 06:06:00,154.48
2024-01-15 06:07:00,150.25
2024-01-15 06:08:00,151.95
2024-01-15 06:09:00,134.54
2024-01-15 06:10:00,150.49
2024-01-15 06:11:00,159.96
2024-01-15 06:12:00,179.02
2024-01-15 06:13:00,169.19
2024-01-15 06:14:00,193.06
2024-01-15 06:15:00,134.65
2024-01-15 06:16:00,167.45
2024-01-15 06:17:00,153.67
2024-01-15 06:18:00,193.8
2024-01-15 06:19:00,133.83
2024-01-15 06:20:00,0.0
2024-01-15 06:21:00,0.0
2024-01-15 06:22:00,0.0
2024-01-15 06:23:00,0.0
2024-01-15 06:24:00,0.0
2024-01-15 06:25:00,3.01
2024-01-15 06:26:00,6.84
2024-01-15 06:27:00,37.52
2024-01-15 06:28:00,19.01
2024-01-15 06:29:00,0.0
2024-01-15 06:30:00,0.0
2024-01-15 06:31:00,9.84
2024-01-15 06:32:00,0.0
2024-01-15 06:33:00,36.63
2024-01-15 06:34:00,23.59
2024-01-15 06:35:00,0.0
2024-01-15 06:36:00,0.0
2024-01-15 06:37:00,27.08
2024-01-15 06:38:00,0.0
2024-01-15 06:39:00,24.76
2024-01-15 06:40:00,118.11
2024-01-15 06:41:00,138.01
2024-01-15 06:42:00,150.1
2024-01-15 06:43:00,150.94
2024-01-15 06:44:00,141.0
2024-01-15 06:45:00,162.46
2024-01-15 06:46:00,128.65
2024-01-15 06:47:00,147.15
2024-01-15 06:48:00,152.41
2024-01-15 06:49:00,160.29
2024-01-15 06:50:00,164.23
2024-01-15 06:51:00,127.51
2024-01-15 06:52:00,119.32
2024-01-15 06:53:00,175.55
2024-01-15 06:54:00,156.65
2024-01-15 06:55:00,135.03
2024-01-15 06:56:00,181.02
2024-01-15 06:57:00,152.31
2024-01-15 06:58:00,173.59
2024-01-15 06:59:00,151.35
2024-01-15 07:00:00,1691.21
2024-01-15 07:01:00,1685.11
2024-01-15 07:02:00,1645.02
2024-01-15 07:03:00,1669.43
2024-01-15 07:04:00,1662.91
2024-01-15 07:05:00,1677.37
2024-01-15 07:06:00,1630.7
2024-01-15 07:07:00,1663.72
2024-01-15 07:08:00,1671.17
2024-01-15 07:09:00,1614.83
2024-01-15 07:10:00,1476.33
2024-01-15 07:11:00,1459.22
2024-01-15 07:12:00,1494.61
2024-01-15 07:13:00,1514.35
2024-01-15 07:14:00,1530.05
2024-01-15 07:15:00,1501.48
2024-01-15 07:16:00,1532.57
2024-01-15 07:17:00,1472.4
2024-01-15 07:18:00,1465.93
2024-01-15 07:19:00,1498.89
2024-01-15 07:20:00,1507.68
2024-01-15 07:21:00,1499.35
2024-01-15 07:22:00,1458.65
2024-01-15 07:23:00,1498.22
2024-01-15 07:24:00,1473.91
2024-01-15 07:25:00,1513.39
2024-01-15 07:26:00,1507.33
2024-01-15 07:27:00,1481.2
2024-01-15 07:28:00,1489.72
2024-01-15 07:29:00,1478.82
2024-01-15 07:30:00,148.75
2024-01-15 07:31:00,169.1
2024-01-15 07:32:00,130.29
2024-01-15 07:33:00,160.08
2024-01-15 07:34:00,139.39
2024-01-15 07:35:00,134.14
2024-01-15 07:36:00,147.86
2024-01-15 07:37:00,129.3
2024-01-15 07:38:00,138.93
2024-01-15 07:39:00,126.04
2024-01-15 07:40:00,189.29
2024-01-15 07:41:00,150.71
2024-01-15 07:42:00,136.01
2024-01-15 07:43:00,154.28
2024-01-15 07:44:00,147.75
2024-01-15 07:45:00,145.58
2024-01-15 07:46:00,162.28
2024-01-15 07:47:00,165.15
2024-01-15 07:48:00,139.39
2024-01-15 07:49:00,138.48
2024-01-15 07:50:00,144.5
2024-01-15 07:51:00,103.96
2024-01-15 07:52:00,119.7
2024-01-15 07:53:00,177.34
2024-01-15 07:54:00,182.9
2024-01-15 07:55:00,145.02
2024-01-15 07:56:00,161.53
2024-01-15 07:57:00,156.23
2024-01-15 07:58:00,211.58
2024-01-15 07:59:00,172.39
2024-01-15 08:00:00,1197.44
2024-01-15 08:01:00,1180.89
2024-01-15 08:02:00,1167.87
2024-01-15 08:03:00,1204.07
2024-01-15 08:04:00,1184.87
2024-01-15 08:05:00,0.0
2024-01-15 08:06:00,0.0
2024-01-15 08:07:00,0.0
2024-01-15 08:08:00,33.74
2024-01-15 08:09:00,17.63
2024-01-15 08:10:00,0.0
2024-01-15 08:11:00,29.6
2024-01-15 08:12:00,1.55
2024-01-15 08:13:00,0.0
2024-01-15 08:14:00,30.46
2024-01-15 08:15:00,10.78
2024-01-15 08:16:00,0.0
2024-01-15 08:17:00,0.0
2024-01-15 08:18:00,0.0
2024-01-15 08:19:00,0.0
2024-01-15 08:20:00,168.52
2024-01-15 08:21:00,188.19
2024-01-15 08:22:00,122.03
2024-01-15 08:23:00,161.26
2024-01-15 08:24:00,136.99
2024-01-15 08:25:00,140.26
2024-01-15 08:26:00,138.15
2024-01-15 08:27:00,132.72
2024-01-15 08:28:00,150.97
2024-01-15 08:29:00,133.38
2024-01-15 08:30:00,155.41
2024-01-15 08:31:00,149.0
2024-01-15 08:32:00,145.22
2024-01-15 08:33:00,131.85
2024-01-15 08:34:00,138.46
2024-01-15 08:35:00,165.11
2024-01-15 08:36:00,160.02
2024-01-15 08:37:00,130.45
2024-01-15 08:38:00,151.99
2024-01-15 08:39:00,165.03
2024-01-15 08:40:00,116.61
2024-01-15 08:41:00,160.87
2024-01-15 08:42:00,136.75
2024-01-15 08:43:00,161.41
2024-01-15 08:44:00,134.73
2024-01-15 08:45:00,113.9
2024-01-15 08:46:00,117.45
2024-01-15 08:47:00,150.96
2024-01-15 08:48:00,155.19
2024-01-15 08:49:00,131.91
2024-01-15 08:50:00,12.77
2024-01-15 08:51:00,0.0
2024-01-15 08:52:00,0.0
2024-01-15 08:53:00,0.0
2024-01-15 08:54:00,0.0
2024-01-15 08:55:00,0.95
2024-01-15 08:56:00,0.0
2024-01-15 08:57:00,0.0
2024-01-15 08:58:00,20.13
2024-01-15 08:59:00,0.0
2024-01-15 09:00:00,516.71
2024-01-15 09:01:00,477.41
2024-01-15 09:02:00,510.6
2024-01-15 09:03:00,528.83
2024-01-15 09:04:00,450.57
2024-01-15 09:05:00,484.06
2024-01-15 09:06:00,511.54
2024-01-15 09:07:00,495.94
2024-01-15 09:08:00,507.42
2024-01-15 09:09:00,487.92
2024-01-15 09:10:00,651.73
2024-01-15 09:11:00,646.89
2024-01-15 09:12:00,673.36
2024-01-15 09:13:00,655.09
2024-01-15 09:14:00,656.75
2024-01-15 09:15:00,641.76
2024-01-15 09:16:00,640.25
2024-01-15 09:17:00,641.35
2024-01-15 09:18:00,657.89
2024-01-15 09:19:00,641.58
2024-01-15 09:20:00,655.8
2024-01-15 09:21:00,691.51
2024-01-15 09:22:00,667.42
2024-01-15 09:23:00,643.48
2024-01-15 09:24:00,674.02
2024-01-15 09:25:00,641.84
2024-01-15 09:26:00,609.24
2024-01-15 09:27:00,629.84
2024-01-15 09:28:00,612.58
2024-01-15 09:29:00,642.97
2024-01-15 09:30:00,650.37
2024-01-15 09:31:00,683.53
2024-01-15 09:32:00,656.54
2024-01-15 09:33:00,645.62
2024-01-15 09:34:00,666.59
2024-01-15 09:35:00,605.78
2024-01-15 09:36:00,654.71
2024-01-15 09:37:00,665.42
2024-01-15 09:38:00,620.43
2024-01-15 09:39:00,672.88
2024-01-15 09:40:00,506.77
2024-01-15 09:41:00,491.69
2024-01-15 09:42:00,512.66
2024-01-15 09:43:00,545.41
2024-01-15 09:44:00,503.64
2024-01-15 09:45:00,504.96
2024-01-15 09:46:00,490.81
2024-01-15 09:47:00,483.0
2024-01-15 09:48:00,516.61
2024-01-15 09:49:00,482.88
2024-01-15 09:50:00,501.43
2024-01-15 09:51:00,490.45
2024-01-15 09:52:00,509.58
2024-01-15 09:53:00,506.67
2024-01-15 09:54:00,520.75
2024-01-15 09:55:00,489.8
2024-01-15 09:56:00,494.6
2024-01-15 09:57:00,480.42
2024-01-15 09:58:00,491.11
2024-01-15 09:59:00,507.55
2024-01-15 10:00:00,165.14
2024-01-15 10:01:00,131.56
2024-01-15 10:02:00,167.39
2024-01-15 10:03:00,177.11
2024-01-15 10:04:00,158.27
2024-01-15 10:05:00,187.54
2024-01-15 10:06:00,134.52
2024-01-15 10:07:00,125.11
2024-01-15 10:08:00,114.43
2024-01-15 10:09:00,179.92
2024-01-15 10:10:00,163.09
2024-01-15 10:11:00,148.89
2024-01-15 10:12:00,155.6
2024-01-15 10:13:00,127.49
2024-01-15 10:14:00,198.92
2024-01-15 10:15:00,152.58
2024-01-15 10:16:00,152.19
2024-01-15 10:17:00,164.52
2024-01-15 10:18:00,159.62
2024-01-15 10:19:00,154.48
2024-01-15 10:20:00,134.19
2024-01-15 10:21:00,159.43
2024-01-15 10:22:00,187.64
2024-01-15 10:23:00,176.91
2024-01-15 10:24:00,181.86
2024-01-15 10:25:00,139.78
2024-01-15 10:26:00,130.21
2024-01-15 10:27:00,147.48
2024-01-15 10:28:00,151.11
2024-01-15 10:29:00,171.88
2024-01-15 10:30:00,0.0
2024-01-15 10:31:00,30.59
2024-01-15 10:32:00,0.0
2024-01-15 10:33:00,0.0
2024-01-15 10:34:00,0.0
2024-01-15 10:35:00,0.0
2024-01-15 10:36:00,16.46
2024-01-15 10:37:00,1.47
2024-01-15 10:38:00,0.0
2024-01-15 10:39:00,0.0
2024-01-15 10:40:00,0.0
2024-01-15 10:41:00,33.38
2024-01-15 10:42:00,0.0
2024-01-15 10:43:00,0.0
2024-01-15 10:44:00,0.0
2024-01-15 10:45:00,0.0
2024-01-15 10:46:00,0.0
2024-01-15 10:47:00,0.0
2024-01-15 10:48:00,0.0
2024-01-15 10:49:00,13.92
2024-01-15 10:50:00,186.98
2024-01-15 10:51:00,172.53
2024-01-15 10:52:00,144.62
2024-01-15 10:53:00,127.87
2024-01-15 10:54:00,201.47
2024-01-15 10:55:00,151.18
2024-01-15 10:56:00,150.28
2024-01-15 10:57:00,149.52
2024-01-15 10:58:00,153.96
2024-01-15 10:59:00,147.11
2024-01-15 11:00:00,138.53
2024-01-15 11:01:00,139.06
2024-01-15 11:02:00,149.34
2024-01-15 11:03:00,139.13
2024-01-15 11:04:00,135.74
2024-01-15 11:05:00,152.13
2024-01-15 11:06:00,144.9
2024-01-15 11:07:00,180.08
2024-01-15 11:08:00,96.98
2024-01-15 11:09:00,171.83
2024-01-15 11:10:00,174.92
2024-01-15 11:11:00,108.53
2024-01-15 11:12:00,143.15
2024-01-15 11:13:00,142.57
2024-01-15 11:14:00,121.85
2024-01-15 11:15:00,134.44
2024-01-15 11:16:00,127.79
2024-01-15 11:17:00,185.05
2024-01-15 11:18:00,168.71
2024-01-15 11:19:00,175.43
2024-01-15 11:20:00,14.43
2024-01-15 11:21:00,0.0
2024-01-15 11:22:00,0.0
2024-01-15 11:23:00,9.79
2024-01-15 11:24:00,0.0
2024-01-15 11:25:00,14.26
2024-01-15 11:26:00,0.0
2024-01-15 11:27:00,0.0
2024-01-15 11:28:00,14.22
2024-01-15 11:29:00,8.89
2024-01-15 11:30:00,0.0
2024-01-15 11:31:00,23.19
2024-01-15 11:32:00,0.0
2024-01-15 11:33:00,12.32
2024-01-15 11:34:00,11.86
2024-01-15 11:35:00,0.0
2024-01-15 11:36:00,6.52
2024-01-15 11:37:00,0.0
2024-01-15 11:38:00,18.48
2024-01-15 11:39:00,0.0
2024-01-15 11:40:00,139.55
2024-01-15 11:41:00,170.98
2024-01-15 11:42:00,135.91
2024-01-15 11:43:00,121.83
2024-01-15 11:44:00,118.87
2024-01-15 11:45:00,162.12
2024-01-15 11:46:00,124.39
2024-01-15 11:47:00,185.1
2024-01-15 11:48:00,108.36
2024-01-15 11:49:00,183.93
2024-01-15 11:50:00,154.22
2024-01-15 11:51:00,148.07
2024-01-15 11:52:00,139.1
2024-01-15 11:53:00,157.98
2024-01-15 11:54:00,149.25
2024-01-15 11:55:00,172.07
2024-01-15 11:56:00,152.28
2024-01-15 11:57:00,153.01
2024-01-15 11:58:00,142.73
2024-01-15 11:59:00,148.86
2024-01-15 12:00:00,156.16
2024-01-15 12:01:00,115.8
2024-01-15 12:02:00,123.04
2024-01-15 12:03:00,164.87
2024-01-15 12:04:00,153.42
2024-01-15 12:05:00,146.32
2024-01-15 12:06:00,150.37
2024-01-15 12:07:00,156.95
2024-01-15 12:08:00,139.2
2024-01-15 12:09:00,134.43
2024-01-15 12:10:00,3.92
2024-01-15 12:11:00,0.0
2024-01-15 12:12:00,8.17
2024-01-15 12:13:00,0.0
2024-01-15 12:14:00,20.58
2024-01-15 12:15:00,9.45
2024-01-15 12:16:00,5.12
2024-01-15 12:17:00,19.65
2024-01-15 12:18:00,33.31
2024-01-15 12:19:00,20.29
2024-01-15 12:20:00,0.0
2024-01-15 12:21:00,0.0
2024-01-15 12:22:00,0.0
2024-01-15 12:23:00,0.52
2024-01-15 12:24:00,10.35
2024-01-15 12:25:00,0.0
2024-01-15 12:26:00,3.74
2024-01-15 12:27:00,0.0
2024-01-15 12:28:00,0.0
2024-01-15 12:29:00,0.0
2024-01-15 12:30:00,131.54
2024-01-15 12:31:00,122.97
2024-01-15 12:32:00,130.48
2024-01-15 12:33:00,171.07
2024-01-15 12:34:00,131.01
2024-01-15 12:35:00,202.65
2024-01-15 12:36:00,159.87
2024-01-15 12:37:00,153.7
2024-01-15 12:38:00,132.83
2024-01-15 12:39:00,164.01
2024-01-15 12:40:00,138.49
2024-01-15 12:41:00,152.44
2024-01-15 12:42:00,201.2
2024-01-15 12:43:00,148.08
2024-01-15 12:44:00,172.99
2024-01-15 12:45:00,135.94
2024-01-15 12:46:00,149.3
2024-01-15 12:47:00,185.42
2024-01-15 12:48:00,137.46
2024-01-15 12:49:00,186.25
2024-01-15 12:50:00,164.16
2024-01-15 12:51:00,138.75
2024-01-15 12:52:00,162.65
2024-01-15 12:53:00,169.45
2024-01-15 12:54:00,162.44
2024-01-15 12:55:00,118.6
2024-01-15 12:56:00,135.46
2024-01-15 12:57:00,145.05
2024-01-15 12:58:00,148.51
2024-01-15 12:59:00,162.41
2024-01-15 13:00:00,2003.55
2024-01-15 13:01:00,1973.29
2024-01-15 13:02:00,2007.6
2024-01-15 13:03:00,2012.21
2024-01-15 13:04:00,2011.2
2024-01-15 13:05:00,2021.62
2024-01-15 13:06:00,2016.68
2024-01-15 13:07:00,2009.18
2024-01-15 13:08:00,1998.6
2024-01-15 13:09:00,1966.78
2024-01-15 13:10:00,2008.59
2024-01-15 13:11:00,2004.15
2024-01-15 13:12:00,2005.43
2024-01-15 13:13:00,1974.47
2024-01-15 13:14:00,1978.38
2024-01-15 13:15:00,2021.06
2024-01-15 13:16:00,1999.21
2024-01-15 13:17:00,2013.63
2024-01-15 13:18:00,2000.57
2024-01-15 13:19:00,2000.6
2024-01-15 13:20:00,2168.77
2024-01-15 13:21:00,2139.68
2024-01-15 13:22:00,2151.92
2024-01-15 13:23:00,2140.75
2024-01-15 13:24:00,2141.31
2024-01-15 13:25:00,2143.82
2024-01-15 13:26:00,2154.44
2024-01-15 13:27:00,2140.43
2024-01-15 13:28:00,2175.12
2024-01-15 13:29:00,2132.11
2024-01-15 13:30:00,2146.26
2024-01-15 13:31:00,2141.21
2024-01-15 13:32:00,2178.94
2024-01-15 13:33:00,2153.93
2024-01-15 13:34:00,2170.64
2024-01-15 13:35:00,2120.29
2024-01-15 13:36:00,2155.34
2024-01-15 13:37:00,2167.79
2024-01-15 13:38:00,2151.65
2024-01-15 13:39:00,2171.31
2024-01-15 13:40:00,2139.65
2024-01-15 13:41:00,2178.19
2024-01-15 13:42:00,2195.98
2024-01-15 13:43:00,2142.74
2024-01-15 13:44:00,2141.09
2024-01-15 13:45:00,2179.07
2024-01-15 13:46:00,2181.59
2024-01-15 13:47:00,2139.54
2024-01-15 13:48:00,2141.6
2024-01-15 13:49:00,2144.36
2024-01-15 13:50:00,1973.11
2024-01-15 13:51:00,1981.63
2024-01-15 13:52:00,1979.92
2024-01-15 13:53:00,1984.64
2024-01-15 13:54:00,1999.31
2024-01-15 13:55:00,2004.68
2024-01-15 13:56:00,2031.01
2024-01-15 13:57:00,1980.03
2024-01-15 13:58:00,2019.69
2024-01-15 13:59:00,1995.72
2024-01-15 14:00:00,1999.01
2024-01-15 14:01:00,2013.5
2024-01-15 14:02:00,1977.55
2024-01-15 14:03:00,2007.65
2024-01-15 14:04:00,2003.33
2024-01-15 14:05:00,2009.85
2024-01-15 14:06:00,2005.78
2024-01-15 14:07:00,2049.11
2024-01-15 14:08:00,1987.25
2024-01-15 14:09:00,1989.38
2024-01-15 14:10:00,2137.54
2024-01-15 14:11:00,2138.89
2024-01-15 14:12:00,2137.25
2024-01-15 14:13:00,2173.78
2024-01-15 14:14:00,2178.41
2024-01-15 14:15:00,2138.59
2024-01-15 14:16:00,2133.35
2024-01-15 14:17:00,2159.43
2024-01-15 14:18:00,2138.96
2024-01-15 14:19:00,2162.66
2024-01-15 14:20:00,2154.06
2024-01-15 14:21:00,2119.69
2024-01-15 14:22:00,2180.95
2024-01-15 14:23:00,2185.92
2024-01-15 14:24:00,2137.74
2024-01-15 14:25:00,2142.25
2024-01-15 14:26:00,2155.72
2024-01-15 14:27:00,2156.69
2024-01-15 14:28:00,2163.17
2024-01-15 14:29:00,2190.2
2024-01-15 14:30:00,2146.46
2024-01-15 14:31:00,2134.03
2024-01-15 14:32:00,2122.41
2024-01-15 14:33:00,2135.38
2024-01-15 14:34:00,2149.34
2024-01-15 14:35:00,2185.89
2024-01-15 14:36:00,2139.65
2024-01-15 14:37:00,2154.48
2024-01-15 14:38:00,2149.67
2024-01-15 14:39:00,2173.77
2024-01-15 14:40:00,2050.54
2024-01-15 14:41:00,1989.38
2024-01-15 14:42:00,1990.21
2024-01-15 14:43:00,2020.88
2024-01-15 14:44:00,2013.64
2024-01-15 14:45:00,2036.93
2024-01-15 14:46:00,2011.68
2024-01-15 14:47:00,1992.81
2024-01-15 14:48:00,2011.81
2024-01-15 14:49:00,2022.17
2024-01-15 14:50:00,2016.41
2024-01-15 14:51:00,2010.15
2024-01-15 14:52:00,2021.33
2024-01-15 14:53:00,2023.39
2024-01-15 14:54:00,2027.64
2024-01-15 14:55:00,2012.97
2024-01-15 14:56:00,1996.66
2024-01-15 14:57:00,2002.93
2024-01-15 14:58:00,2024.13
2024-01-15 14:59:00,1983.66
2024-01-15 15:00:00,2157.37
2024-01-15 15:01:00,2142.13
2024-01-15 15:02:00,2150.57
2024-01-15 15:03:00,2175.57
2024-01-15 15:04:00,2153.82
2024-01-15 15:05:00,2150.93
2024-01-15 15:06:00,2122.8
2024-01-15 15:07:00,2164.93
2024-01-15 15:08:00,2162.91
2024-01-15 15:09:00,2193.27
2024-01-15 15:10:00,2143.84
2024-01-15 15:11:00,2154.38
2024-01-15 15:12:00,2154.99
2024-01-15 15:13:00,2181.55
2024-01-15 15:14:00,2148.09
2024-01-15 15:15:00,2155.58
2024-01-15 15:16:00,2162.16
2024-01-15 15:17:00,2153.73
2024-01-15 15:18:00,2141.07
2024-01-15 15:19:00,2153.88
2024-01-15 15:20:00,2171.47
2024-01-15 15:21:00,2129.47
2024-01-15 15:22:00,2152.66
2024-01-15 15:23:00,2136.0
2024-01-15 15:24:00,2173.9
2024-01-15 15:25:00,2119.54
2024-01-15 15:26:00,2138.82
2024-01-15 15:27:00,2157.54
2024-01-15 15:28:00,2181.31
2024-01-15 15:29:00,2148.68
2024-01-15 15:30:00,1988.9
2024-01-15 15:31:00,2037.62
2024-01-15 15:32:00,1971.04
2024-01-15 15:33:00,1956.02
2024-01-15 15:34:00,2008.8
2024-01-15 15:35:00,1989.96
2024-01-15 15:36:00,1979.58
2024-01-15 15:37:00,2014.17
2024-01-15 15:38:00,2004.88
2024-01-15 15:39:00,1988.72
2024-01-15 15:40:00,1974.39
2024-01-15 15:41:00,2017.45
2024-01-15 15:42:00,2013.0
2024-01-15 15:43:00,1998.02
2024-01-15 15:44:00,2036.93
2024-01-15 15:45:00,1978.6
2024-01-15 15:46:00,1969.49
2024-01-15 15:47:00,1986.16
2024-01-15 15:48:00,1999.09
2024-01-15 15:49:00,2004.87
2024-01-15 15:50:00,2145.18
2024-01-15 15:51:00,2157.04
2024-01-15 15:52:00,2124.97
2024-01-15 15:53:00,2178.88
2024-01-15 15:54:00,2148.36
2024-01-15 15:55:00,2172.35
2024-01-15 15:56:00,2156.85
2024-01-15 15:57:00,2159.14
2024-01-15 15:58:00,2161.4
2024-01-15 15:59:00,2158.95
2024-01-15 16:00:00,162.85
2024-01-15 16:01:00,176.58
2024-01-15 16:02:00,153.93
2024-01-15 16:03:00,164.18
2024-01-15 16:04:00,148.21
2024-01-15 16:05:00,178.8
2024-01-15 16:06:00,136.47
2024-01-15 16:07:00,186.02
2024-01-15 16:08:00,149.2
2024-01-15 16:09:00,121.38
2024-01-15 16:10:00,152.56
2024-01-15 16:11:00,136.38
2024-01-15 16:12:00,166.81
2024-01-15 16:13:00,136.95
2024-01-15 16:14:00,141.08
2024-01-15 16:15:00,112.21
2024-01-15 16:16:00,140.95
2024-01-15 16:17:00,101.52
2024-01-15 16:18:00,118.32
2024-01-15 16:19:00,165.21
2024-01-15 16:20:00,15.72
2024-01-15 16:21:00,8.51
2024-01-15 16:22:00,0.0
2024-01-15 16:23:00,0.0
2024-01-15 16:24:00,0.0
2024-01-15 16:25:00,0.0
2024-01-15 16:26:00,30.07
2024-01-15 16:27:00,17.55
2024-01-15 16:28:00,0.0
2024-01-15 16:29:00,0.54
2024-01-15 16:30:00,4.17
2024-01-15 16:31:00,0.0
2024-01-15 16:32:00,0.0
2024-01-15 16:33:00,0.0
2024-01-15 16:34:00,0.0
2024-01-15 16:35:00,0.0
2024-01-15 16:36:00,35.95
2024-01-15 16:37:00,12.82
2024-01-15 16:38:00,0.0
2024-01-15 16:39:00,11.45
2024-01-15 16:40:00,177.99
2024-01-15 16:41:00,168.49
2024-01-15 16:42:00,151.19
2024-01-15 16:43:00,137.06
2024-01-15 16:44:00,163.96
2024-01-15 16:45:00,157.87
2024-01-15 16:46:00,167.9
2024-01-15 16:47:00,162.7
2024-01-15 16:48:00,170.99
2024-01-15 16:49:00,139.3
2024-01-15 16:50:00,176.35
2024-01-15 16:51:00,153.95
2024-01-15 16:52:00,191.51
2024-01-15 16:53:00,136.22
2024-01-15 16:54:00,184.72
2024-01-15 16:55:00,153.96
2024-01-15 16:56:00,136.97
2024-01-15 16:57:00,140.32
2024-01-15 16:58:00,143.59
2024-01-15 16:59:00,158.48
2024-01-15 17:00:00,160.46
2024-01-15 17:01:00,138.53
2024-01-15 17:02:00,149.51
2024-01-15 17:03:00,192.85
2024-01-15 17:04:00,184.55
2024-01-15 17:05:00,158.73
2024-01-15 17:06:00,150.76
2024-01-15 17:07:00,152.4
2024-01-15 17:08:00,162.27
2024-01-15 17:09:00,129.54
2024-01-15 17:10:00,0.0
2024-01-15 17:11:00,0.0
2024-01-15 17:12:00,7.98
2024-01-15 17:13:00,12.94
2024-01-15 17:14:00,0.0
2024-01-15 17:15:00,31.48
2024-01-15 17:16:00,0.0
2024-01-15 17:17:00,0.0
2024-01-15 17:18:00,4.49
2024-01-15 17:19:00,20.94
2024-01-15 17:20:00,33.68
2024-01-15 17:21:00,0.0
2024-01-15 17:22:00,21.57
2024-01-15 17:23:00,0.0
2024-01-15 17:24:00,0.0
2024-01-15 17:25:00,17.67
2024-01-15 17:26:00,13.05
2024-01-15 17:27:00,0.0
2024-01-15 17:28:00,29.53
2024-01-15 17:29:00,27.6
2024-01-15 17:30:00,137.49
2024-01-15 17:31:00,157.92
2024-01-15 17:32:00,159.88
2024-01-15 17:33:00,155.21
2024-01-15 17:34:00,138.99
2024-01-15 17:35:00,136.57
2024-01-15 17:36:00,149.49
2024-01-15 17:37:00,173.45
2024-01-15 17:38:00,160.87
2024-01-15 17:39:00,142.59
2024-01-15 17:40:00,165.43
2024-01-15 17:41:00,93.03
2024-01-15 17:42:00,172.98
2024-01-15 17:43:00,115.21
2024-01-15 17:44:00,142.75
2024-01-15 17:45:00,127.61
2024-01-15 17:46:00,124.11
2024-01-15 17:47:00,173.22
2024-01-15 17:48:00,140.65
2024-01-15 17:49:00,156.93
2024-01-15 17:50:00,149.06
2024-01-15 17:51:00,159.54
2024-01-15 17:52:00,151.54
2024-01-15 17:53:00,124.34
2024-01-15 17:54:00,169.93
2024-01-15 17:55:00,140.12
2024-01-15 17:56:00,118.87
2024-01-15 17:57:00,141.44
2024-01-15 17:58:00,180.02
2024-01-15 17:59:00,167.0
2024-01-15 18:00:00,0.0
2024-01-15 18:01:00,0.0
2024-01-15 18:02:00,0.0
2024-01-15 18:03:00,41.53
2024-01-15 18:04:00,7.64
2024-01-15 18:05:00,8.6
2024-01-15 18:06:00,20.61
2024-01-15 18:07:00,4.78
2024-01-15 18:08:00,0.0
2024-01-15 18:09:00,0.0
2024-01-15 18:10:00,0.0
2024-01-15 18:11:00,0.0
2024-01-15 18:12:00,14.55
2024-01-15 18:13:00,1.04
2024-01-15 18:14:00,14.65
2024-01-15 18:15:00,0.0
2024-01-15 18:16:00,1.57
2024-01-15 18:17:00,0.0
2024-01-15 18:18:00,18.33
2024-01-15 18:19:00,6.93
2024-01-15 18:20:00,169.96
2024-01-15 18:21:00,92.07
2024-01-15 18:22:00,191.77
2024-01-15 18:23:00,147.21
2024-01-15 18:24:00,172.16
2024-01-15 18:25:00,129.2
2024-01-15 18:26:00,162.26
2024-01-15 18:27:00,128.93
2024-01-15 18:28:00,137.52
2024-01-15 18:29:00,188.28
2024-01-15 18:30:00,146.19
2024-01-15 18:31:00,154.35
2024-01-15 18:32:00,167.4
2024-01-15 18:33:00,159.91
2024-01-15 18:34:00,153.01
2024-01-15 18:35:00,157.3
2024-01-15 18:36:00,198.07
2024-01-15 18:37:00,148.85
2024-01-15 18:38:00,154.02
2024-01-15 18:39:00,171.01
2024-01-15 18:40:00,172.11
2024-01-15 18:41:00,173.74
2024-01-15 18:42:00,162.77
2024-01-15 18:43:00,127.14
2024-01-15 18:44:00,182.67
2024-01-15 18:45:00,127.07
2024-01-15 18:46:00,156.05
2024-01-15 18:47:00,134.91
2024-01-15 18:48:00,148.72
2024-01-15 18:49:00,156.58
2024-01-15 18:50:00,6.43
2024-01-15 18:51:00,8.44
2024-01-15 18:52:00,32.27
2024-01-15 18:53:00,9.07
2024-01-15 18:54:00,0.0
2024-01-15 18:55:00,19.28
2024-01-15 18:56:00,23.79
2024-01-15 18:57:00,0.0
2024-01-15 18:58:00,11.95
2024-01-15 18:59:00,14.02
2024-01-15 19:00:00,1194.05
2024-01-15 19:01:00,1227.51
2024-01-15 19:02:00,1197.0
2024-01-15 19:03:00,1202.51
2024-01-15 19:04:00,1196.54
2024-01-15 19:05:00,0.31
2024-01-15 19:06:00,0.0
2024-01-15 19:07:00,0.0
2024-01-15 19:08:00,31.89
2024-01-15 19:09:00,0.0
2024-01-15 19:10:00,130.17
2024-01-15 19:11:00,106.93
2024-01-15 19:12:00,137.22
2024-01-15 19:13:00,123.54
2024-01-15 19:14:00,182.84
2024-01-15 19:15:00,170.2
2024-01-15 19:16:00,136.24
2024-01-15 19:17:00,195.05
2024-01-15 19:18:00,169.64
2024-01-15 19:19:00,143.5
2024-01-15 19:20:00,100.01
2024-01-15 19:21:00,195.82
2024-01-15 19:22:00,122.21
2024-01-15 19:23:00,117.09
2024-01-15 19:24:00,170.45
2024-01-15 19:25:00,198.8
2024-01-15 19:26:00,177.69
2024-01-15 19:27:00,161.28
2024-01-15 19:28:00,161.9
2024-01-15 19:29:00,167.07
2024-01-15 19:30:00,165.18
2024-01-15 19:31:00,155.62
2024-01-15 19:32:00,152.08
2024-01-15 19:33:00,148.75
2024-01-15 19:34:00,134.92
2024-01-15 19:35:00,144.39
2024-01-15 19:36:00,116.14
2024-01-15 19:37:00,148.03
2024-01-15 19:38:00,130.23
2024-01-15 19:39:00,127.93
2024-01-15 19:40:00,3.6
2024-01-15 19:41:00,27.84
2024-01-15 19:42:00,18.37
2024-01-15 19:43:00,0.0
2024-01-15 19:44:00,0.0
2024-01-15 19:45:00,18.82
2024-01-15 19:46:00,0.0
2024-01-15 19:47:00,0.0
2024-01-15 19:48:00,11.0
2024-01-15 19:49:00,0.0
2024-01-15 19:50:00,2.11
2024-01-15 19:51:00,0.0
2024-01-15 19:52:00,0.0
2024-01-15 19:53:00,6.4
2024-01-15 19:54:00,0.0
2024-01-15 19:55:00,8.81
2024-01-15 19:56:00,0.0
2024-01-15 19:57:00,11.05
2024-01-15 19:58:00,4.48
2024-01-15 19:59:00,27.28
2024-01-15 20:00:00,252.5
2024-01-15 20:01:00,241.41
2024-01-15 20:02:00,252.45
2024-01-15 20:03:00,260.87
2024-01-15 20:04:00,250.98
2024-01-15 20:05:00,250.81
2024-01-15 20:06:00,235.96
2024-01-15 20:07:00,236.74
2024-01-15 20:08:00,221.95
2024-01-15 20:09:00,284.99
2024-01-15 20:10:00,225.12
2024-01-15 20:11:00,236.14
2024-01-15 20:12:00,235.63
2024-01-15 20:13:00,267.9
2024-01-15 20:14:00,244.1
2024-01-15 20:15:00,274.95
2024-01-15 20:16:00,236.53
2024-01-15 20:17:00,255.58
2024-01-15 20:18:00,233.29
2024-01-15 20:19:00,292.9
2024-01-15 20:20:00,226.25
2024-01-15 20:21:00,256.2
2024-01-15 20:22:00,262.68
2024-01-15 20:23:00,258.28
2024-01-15 20:24:00,246.29
2024-01-15 20:25:00,247.4
2024-01-15 20:26:00,250.88
2024-01-15 20:27:00,247.06
2024-01-15 20:28:00,269.28
2024-01-15 20:29:00,294.21
2024-01-15 20:30:00,88.85
2024-01-15 20:31:00,72.6
2024-01-15 20:32:00,98.23
2024-01-15 20:33:00,151.59
2024-01-15 20:34:00,83.93
2024-01-15 20:35:00,132.78
2024-01-15 20:36:00,133.55
2024-01-15 20:37:00,88.93
2024-01-15 20:38:00,111.38
2024-01-15 20:39:00,132.57
2024-01-15 20:40:00,92.42
2024-01-15 20:41:00,95.93
2024-01-15 20:42:00,88.37
2024-01-15 20:43:00,79.7
2024-01-15 20:44:00,87.01
2024-01-15 20:45:00,75.52
2024-01-15 20:46:00,100.68
2024-01-15 20:47:00,84.6
2024-01-15 20:48:00,104.68
2024-01-15 20:49:00,68.88
2024-01-15 20:50:00,256.62
2024-01-15 20:51:00,266.67
2024-01-15 20:52:00,210.13
2024-01-15 20:53:00,257.48
2024-01-15 20:54:00,274.55
2024-01-15 20:55:00,225.81
2024-01-15 20:56:00,283.45
2024-01-15 20:57:00,258.38
2024-01-15 20:58:00,235.9
2024-01-15 20:59:00,248.88
2024-01-15 21:00:00,1761.17
2024-01-15 21:01:00,1751.52
2024-01-15 21:02:00,1760.78
2024-01-15 21:03:00,1731.59
2024-01-15 21:04:00,1753.39
2024-01-15 21:05:00,1721.73
2024-01-15 21:06:00,1747.78
2024-01-15 21:07:00,1731.92
2024-01-15 21:08:00,1735.29
2024-01-15 21:09:00,1774.72
2024-01-15 21:10:00,1771.83
2024-01-15 21:11:00,1762.18
2024-01-15 21:12:00,1728.15
2024-01-15 21:13:00,1743.67
2024-01-15 21:14:00,1774.26
2024-01-15 21:15:00,1752.83
2024-01-15 21:16:00,1796.39
2024-01-15 21:17:00,1757.87
2024-01-15 21:18:00,1753.84
2024-01-15 21:19:00,1743.82
2024-01-15 21:20:00,1602.67
2024-01-15 21:21:00,1596.95
2024-01-15 21:22:00,1614.16
2024-01-15 21:23:00,1619.13
2024-01-15 21:24:00,1584.28
2024-01-15 21:25:00,1573.38
2024-01-15 21:26:00,1563.28
2024-01-15 21:27:00,1610.16
2024-01-15 21:28:00,1577.93
2024-01-15 21:29:00,1556.94
2024-01-15 21:30:00,107.77
2024-01-15 21:31:00,149.86
2024-01-15 21:32:00,99.88
2024-01-15 21:33:00,116.77
2024-01-15 21:34:00,101.64
2024-01-15 21:35:00,98.02
2024-01-15 21:36:00,118.38
2024-01-15 21:37:00,94.19
2024-01-15 21:38:00,105.35
2024-01-15 21:39:00,106.43
2024-01-15 21:40:00,236.64
2024-01-15 21:41:00,269.84
2024-01-15 21:42:00,246.5
2024-01-15 21:43:00,234.89
2024-01-15 21:44:00,260.73
2024-01-15 21:45:00,232.03
2024-01-15 21:46:00,250.56
2024-01-15 21:47:00,249.82
2024-01-15 21:48:00,271.72
2024-01-15 21:49:00,259.49
2024-01-15 21:50:00,249.5
2024-01-15 21:51:00,266.36
2024-01-15 21:52:00,277.8
2024-01-15 21:53:00,261.16
2024-01-15 21:54:00,250.21
2024-01-15 21:55:00,223.76
2024-01-15 21:56:00,228.7
2024-01-15 21:57:00,243.9
2024-01-15 21:58:00,237.81
2024-01-15 21:59:00,246.26
2024-01-15 22:00:00,251.13
2024-01-15 22:01:00,260.59
2024-01-15 22:02:00,248.59
2024-01-15 22:03:00,259.73
2024-01-15 22:04:00,251.29
2024-01-15 22:05:00,210.49
2024-01-15 22:06:00,231.21
2024-01-15 22:07:00,247.12
2024-01-15 22:08:00,225.81
2024-01-15 22:09:00,262.0
2024-01-15 22:10:00,130.62
2024-01-15 22:11:00,124.38
2024-01-15 22:12:00,95.73
2024-01-15 22:13:00,129.81
2024-01-15 22:14:00,102.97
2024-01-15 22:15:00,93.26
2024-01-15 22:16:00,87.73
2024-01-15 22:17:00,93.95
2024-01-15 22:18:00,92.24
2024-01-15 22:19:00,103.41
2024-01-15 22:20:00,103.21
2024-01-15 22:21:00,100.06
2024-01-15 22:22:00,108.74
2024-01-15 22:23:00,123.81
2024-01-15 22:24:00,118.99
2024-01-15 22:25:00,70.3
2024-01-15 22:26:00,48.92
2024-01-15 22:27:00,118.69
2024-01-15 22:28:00,72.66
2024-01-15 22:29:00,95.5
2024-01-15 22:30:00,226.6
2024-01-15 22:31:00,213.96
2024-01-15 22:32:00,260.83
2024-01-15 22:33:00,265.18
2024-01-15 22:34:00,238.47
2024-01-15 22:35:00,198.18
2024-01-15 22:36:00,239.08
2024-01-15 22:37:00,257.84
2024-01-15 22:38:00,220.42
2024-01-15 22:39:00,253.67
2024-01-15 22:40:00,249.69
2024-01-15 22:41:00,261.59
2024-01-15 22:42:00,252.39
2024-01-15 22:43:00,230.54
2024-01-15 22:44:00,273.93
2024-01-15 22:45:00,246.83
2024-01-15 22:46:00,249.45
2024-01-15 22:47:00,231.33
2024-01-15 22:48:00,241.13
2024-01-15 22:49:00,232.3
2024-01-15 22:50:00,246.54
2024-01-15 22:51:00,284.23
2024-01-15 22:52:00,222.56
2024-01-15 22:53:00,217.73
2024-01-15 22:54:00,279.42
2024-01-15 22:55:00,245.81
2024-01-15 22:56:00,236.62
2024-01-15 22:57:00,270.8
2024-01-15 22:58:00,237.89
2024-01-15 22:59:00,286.52
2024-01-15 23:00:00,13.56
2024-01-15 23:01:00,0.0
2024-01-15 23:02:00,43.15
2024-01-15 23:03:00,0.0
2024-01-15 23:04:00,14.84
2024-01-15 23:05:00,5.99
2024-01-15 23:06:00,26.03
2024-01-15 23:07:00,31.23
2024-01-15 23:08:00,0.64
2024-01-15 23:09:00,0.0
2024-01-15 23:10:00,9.2
2024-01-15 23:11:00,0.0
2024-01-15 23:12:00,40.27
2024-01-15 23:13:00,2.73
2024-01-15 23:14:00,0.0
2024-01-15 23:15:00,3.69
2024-01-15 23:16:00,0.0
2024-01-15 23:17:00,0.0
2024-01-15 23:18:00,24.01
2024-01-15 23:19:00,0.0
2024-01-15 23:20:00,129.06
2024-01-15 23:21:00,160.73
2024-01-15 23:22:00,173.71
2024-01-15 23:23:00,164.38
2024-01-15 23:24:00,169.92
2024-01-15 23:25:00,134.86
2024-01-15 23:26:00,121.56
2024-01-15 23:27:00,180.03
2024-01-15 23:28:00,143.55
2024-01-15 23:29:00,144.98
2024-01-15 23:30:00,176.56
2024-01-15 23:31:00,161.12
2024-01-15 23:32:00,159.12
2024-01-15 23:33:00,193.3
2024-01-15 23:34:00,137.13
2024-01-15 23:35:00,168.56
2024-01-15 23:36:00,151.14
2024-01-15 23:37:00,155.37
2024-01-15 23:38:00,180.57
2024-01-15 23:39:00,160.16
2024-01-15 23:40:00,160.77
2024-01-15 23:41:00,171.45
2024-01-15 23:42:00,142.7
2024-01-15 23:43:00,133.22
2024-01-15 23:44:00,129.1
2024-01-15 23:45:00,110.67
2024-01-15 23:46:00,191.12
2024-01-15 23:47:00,127.94
2024-01-15 23:48:00,145.57
2024-01-15 23:49:00,144.46
2024-01-15 23:50:00,6.15
2024-01-15 23:51:00,16.31
2024-01-15 23:52:00,17.21
2024-01-15 23:53:00,0.0
2024-01-15 23:54:00,0.0
2024-01-15 23:55:00,5.65
2024-01-15 23:56:00,0.0
2024-01-15 23:57:00,32.15
2024-01-15 23:58:00,9.82
2024-01-15 23:59:00,14.7
